Abbeville,South Carolina,1576
Acadia,Louisiana,4491
Accomack,Virginia,1952
Ada,Idaho,23460
Adair,Iowa,386
Adair,Kentucky,1531
Adair,Missouri,2984
Adair,Oklahoma,1782
Adams,Colorado,31609
Adams,Idaho,225
Adams,Illinois,4606
Adams,Indiana,2604
Adams,Iowa,237
Adams,Mississippi,2088
Adams,Nebraska,2546
Adams,North Dakota,121
Adams,Ohio,2167
Adams,Pennsylvania,7150
Adams,Washington,1766
Adams,Wisconsin,658
Addison,Vermont,3237
Aiken,South Carolina,11036
Aitkin,Minnesota,851
Alachua,Florida,24314
Alamance,North Carolina,11471
Alameda,California,100603
Alamosa,Colorado,1362
Albany,New York,22358
Albany,Wyoming,3654
Albemarle,Virginia,4700
Alcona,Michigan,557
Alcorn,Mississippi,2335
Alexander,Illinois,540
Alexander,North Carolina,2342
Alexandria (city),Virginia,4762
Alfalfa,Oklahoma,276
Alger,Michigan,464
Allamakee,Iowa,948
Allegan,Michigan,7149
Allegany,Maryland,5945
Allegany,New York,4843
Alleghany,North Carolina,628
Alleghany,Virginia,83
Allegheny,Pennsylvania,79116
Allen,Indiana,25745
Allen,Kansas,1014
Allen,Kentucky,1379
Allen,Louisiana,1482
Allen,Ohio,8208
Allendale,South Carolina,723
Alpena,Michigan,1964
Alpine,California,57
Amador,California,2305
Amelia,Virginia,756
Amherst,Virginia,2376
Amite,Mississippi,705
Anderson,Kansas,526
Anderson,Kentucky,1445
Anderson,South Carolina,11410
Anderson,Tennessee,4315
Anderson,Texas,3220
Andrew,Missouri,2728
Andrews,Texas,1122
Androscoggin,Maine,7276
Angelina,Texas,6250
Anne Arundel,Maryland,34421
Anoka,Minnesota,22158
Anson,North Carolina,1799
Antelope,Nebraska,360
Antrim,Michigan,1208
Apache,Arizona,6981
Appanoose,Iowa,838
Appling,Georgia,1204
Appomattox,Virginia,918
Aransas,Texas,1129
Arapahoe,Colorado,36110
Archer,Texas,515
Archuleta,Colorado,651
Arenac,Michigan,965
Arkansas,Arkansas,1262
Arlington,Virginia,6984
Armstrong,Pennsylvania,3972
Armstrong,Texas,128
Aroostook,Maine,4784
Arthur,Nebraska,24
Ascension,Louisiana,7820
Ashe,North Carolina,1539
Ashland,Ohio,3993
Ashland,Wisconsin,1215
Ashley,Arkansas,1577
Ashtabula,Ohio,6943
Asotin,Washington,1402
Assumption,Louisiana,1604
Atascosa,Texas,3101
Atchison,Kansas,1515
Atchison,Missouri,375
Athens,Ohio,8809
Atkinson,Georgia,747
Atlantic,New Jersey,19754
Atoka,Oklahoma,854
Attala,Mississippi,1313
Audrain,Missouri,1722
Audubon,Iowa,387
Auglaize,Ohio,3930
Augusta,Virginia,3121
Aurora,South Dakota,183
Austin,Texas,2159
Autauga,Alabama,4130
Avery,North Carolina,1273
Avoyelles,Louisiana,2843
Baca,Colorado,243
Bacon,Georgia,604
Bailey,Texas,555
Baker,Florida,1866
Baker,Oregon,959
Baldwin,Alabama,11590
Baldwin,Georgia,4051
Ballard,Kentucky,418
Baltimore,Maryland,55376
Baltimore (city),Maryland,43859
Bamberg,South Carolina,1532
Bandera,Texas,1208
Banks,Georgia,856
Banner,Nebraska,28
Bannock,Idaho,6332
Baraga,Michigan,493
Barber,Kansas,308
Barbour,Alabama,1640
Barbour,West Virginia,1134
Barnes,North Dakota,775
Barnstable,Massachusetts,12108
Barnwell,South Carolina,1766
Barren,Kentucky,2625
Barron,Wisconsin,2892
Barrow,Georgia,5034
Barry,Michigan,3486
Barry,Missouri,2658
Bartholomew,Indiana,5285
Barton,Kansas,2023
Barton,Missouri,812
Bartow,Georgia,7164
Bastrop,Texas,5152
Bates,Missouri,1263
Bath,Kentucky,784
Bath,Virginia,330
Baxter,Arkansas,2067
Bay,Florida,10948
Bay,Michigan,7027
Bayfield,Wisconsin,709
Baylor,Texas,212
Beadle,South Dakota,1102
Bear Lake,Idaho,390
Beaufort,North Carolina,3082
Beaufort,South Carolina,9442
Beauregard,Louisiana,2791
Beaver,Oklahoma,384
Beaver,Pennsylvania,10510
Beaver,Utah,562
Beaverhead,Montana,793
Becker,Minnesota,1874
Beckham,Oklahoma,1367
Bedford,Pennsylvania,3030
Bedford,Tennessee,3197
Bedford,Virginia,3544
Bedford (city),Virginia,1214
Bee,Texas,2131
Belknap,New Hampshire,4121
Bell,Kentucky,2009
Bell,Texas,23099
Belmont,Ohio,4262
Beltrami,Minnesota,3801
Ben Hill,Georgia,1280
Benewah,Idaho,652
Bennett,South Dakota,300
Bennington,Vermont,2660
Benson,North Dakota,514
Bent,Colorado,260
Benton,Arkansas,14030
Benton,Indiana,699
Benton,Iowa,1792
Benton,Minnesota,2037
Benton,Mississippi,462
Benton,Missouri,981
Benton,Oregon,8275
Benton,Tennessee,1046
Benton,Washington,12843
Benzie,Michigan,904
Bergen,New Jersey,57553
Berkeley,South Carolina,12001
Berkeley,West Virginia,3897
Berks,Pennsylvania,31694
Berkshire,Massachusetts,9413
Bernalillo,New Mexico,45224
Berrien,Georgia,1451
Berrien,Michigan,11756
Bertie,North Carolina,1427
Bexar,Texas,133201
Bibb,Alabama,1520
Bibb,Georgia,13157
Bienville,Louisiana,1050
Big Horn,Montana,980
Big Horn,Wyoming,811
Big Stone,Minnesota,346
Billings,North Dakota,24
Bingham,Idaho,3478
Black Hawk,Iowa,10086
Blackford,Indiana,883
Bladen,North Carolina,2139
Blaine,Idaho,1210
Blaine,Montana,461
Blaine,Nebraska,31
Blaine,Oklahoma,701
Blair,Pennsylvania,9378
Blanco,Texas,2873
Bland,Virginia,379
Bleckley,Georgia,1738
Bledsoe,Tennessee,731
Blount,Alabama,3021
Blount,Tennessee,7610
Blue Earth,Minnesota,5891
Boise,Idaho,318
Bolivar,Mississippi,2741
Bollinger,Missouri,792
Bon Homme,South Dakota,422
Bond,Illinois,1264
Bonner,Idaho,2311
Bonneville,Idaho,7516
Boone,Arkansas,2615
Boone,Illinois,4247
Boone,Indiana,4097
Boone,Iowa,1575
Boone,Kentucky,8197
Boone,Missouri,14877
Boone,Nebraska,382
Boone,West Virginia,1490
Borden,Texas,25
Bosque,Texas,1252
Bossier,Louisiana,7591
Botetourt,Virginia,3361
Bottineau,North Dakota,462
Boulder,Colorado,23974
Boundary,Idaho,740
Bourbon,Kansas,1222
Bourbon,Kentucky,1272
Bowie,Texas,6353
Bowman,North Dakota,194
Box Butte,Nebraska,785
Box Elder,Utah,4007
Boyd,Kentucky,3280
Boyd,Nebraska,140
Boyle,Kentucky,2256
Bracken,Kentucky,656
Bradford,Florida,1450
Bradford,Pennsylvania,4017
Bradley,Arkansas,778
Bradley,Tennessee,6960
Branch,Michigan,3089
Brantley,Georgia,1180
Braxton,West Virginia,781
Brazoria,Texas,23237
Brazos,Texas,23478
Breathitt,Kentucky,1046
Breckinridge,Kentucky,1181
Bremer,Iowa,2169
Brevard,Florida,34526
Brewster,Texas,481
Briscoe,Texas,100
Bristol,Massachusetts,38686
Bristol,Rhode Island,4135
Bristol (city),Virginia,1865
Broadwater,Montana,308
Bronx,New York,115106
Brooke,West Virginia,1475
Brookings,South Dakota,3630
Brooks,Georgia,892
Brooks,Texas,580
Broome,New York,16041
Broward,Florida,114200
Brown,Illinois,398
Brown,Indiana,894
Brown,Kansas,687
Brown,Minnesota,1868
Brown,Nebraska,184
Brown,Ohio,2748
Brown,South Dakota,2435
Brown,Texas,2743
Brown,Wisconsin,17646
Brule,South Dakota,371
Brunswick,North Carolina,5272
Brunswick,Virginia,1141
Bryan,Georgia,2673
Bryan,Oklahoma,3176
Buchanan,Iowa,1487
Buchanan,Missouri,4780
Buchanan,Virginia,1375
Buckingham,Virginia,730
Bucks,Pennsylvania,39316
Buena Vista,Iowa,1742
Buena Vista (city),Virginia,719
Buffalo,Nebraska,3924
Buffalo,South Dakota,177
Buffalo,Wisconsin,942
Bullitt,Kentucky,4075
Bulloch,Georgia,8267
Bullock,Alabama,764
Buncombe,North Carolina,13900
Bureau,Illinois,2304
Burke,Georgia,1590
Burke,North Carolina,6339
Burke,North Dakota,104
Burleigh,North Dakota,5449
Burleson,Texas,1101
Burlington,New Jersey,29854
Burnet,Texas,2535
Burnett,Wisconsin,803
Burt,Nebraska,413
Butler,Alabama,1375
Butler,Iowa,908
Butler,Kansas,5254
Butler,Kentucky,644
Butler,Missouri,2674
Butler,Nebraska,534
Butler,Ohio,28069
Butler,Pennsylvania,13715
Butte,California,17853
Butte,Idaho,229
Butte,South Dakota,696
Butts,Georgia,1758
Cabarrus,North Carolina,12574
Cabell,West Virginia,7390
Cache,Utah,10257
Caddo,Louisiana,17968
Caddo,Oklahoma,2223
Calaveras,California,2880
Calcasieu,Louisiana,14541
Caldwell,Kentucky,839
Caldwell,Louisiana,727
Caldwell,Missouri,675
Caldwell,North Carolina,5460
Caldwell,Texas,2790
Caledonia,Vermont,2371
Calhoun,Alabama,9325
Calhoun,Arkansas,290
Calhoun,Florida,839
Calhoun,Georgia,166
Calhoun,Illinois,296
Calhoun,Iowa,615
Calhoun,Michigan,8568
Calhoun,Mississippi,1029
Calhoun,South Carolina,728
Calhoun,Texas,1657
Calhoun,West Virginia,441
Callahan,Texas,800
Callaway,Missouri,3425
Calloway,Kentucky,3280
Calumet,Wisconsin,1692
Calvert,Maryland,7116
Camas,Idaho,48
Cambria,Pennsylvania,9699
Camden,Georgia,3923
Camden,Missouri,2491
Camden,New Jersey,37180
Camden,North Carolina,674
Cameron,Louisiana,213
Cameron,Pennsylvania,327
Cameron,Texas,35618
Camp,Texas,981
Campbell,Kentucky,6550
Campbell,South Dakota,71
Campbell,Tennessee,2612
Campbell,Virginia,2572
Campbell,Wyoming,3199
Canadian,Oklahoma,7141
Candler,Georgia,749
Cannon,Tennessee,926
Canyon,Idaho,14943
Cape Girardeau,Missouri,5860
Cape May,New Jersey,6129
Carbon,Montana,562
Carbon,Pennsylvania,3836
Carbon,Utah,1652
Carbon,Wyoming,887
Caribou,Idaho,474
Carlisle,Kentucky,310
Carlton,Minnesota,2452
Caroline,Maryland,2396
Caroline,Virginia,1669
Carroll,Arkansas,1525
Carroll,Georgia,10342
Carroll,Illinois,1008
Carroll,Indiana,1178
Carroll,Iowa,1440
Carroll,Kentucky,818
Carroll,Maryland,13111
Carroll,Mississippi,603
Carroll,Missouri,657
Carroll,New Hampshire,2662
Carroll,Ohio,1327
Carroll,Tennessee,2287
Carroll,Virginia,1253
Carson,Texas,371
Carson City (city),Nevada,3573
Carter,Kentucky,2048
Carter,Missouri,504
Carter,Montana,71
Carter,Oklahoma,3218
Carter,Tennessee,2929
Carteret,North Carolina,3424
Carver,Minnesota,5949
Cascade,Montana,5376
Casey,Kentucky,907
Cass,Illinois,989
Cass,Indiana,2853
Cass,Iowa,889
Cass,Michigan,2970
Cass,Minnesota,1455
Cass,Missouri,6696
Cass,Nebraska,1778
Cass,North Dakota,10868
Cass,Texas,2050
Cassia,Idaho,1885
Castro,Texas,561
Caswell,North Carolina,1058
Catahoula,Louisiana,751
Catawba,North Carolina,10984
Catoosa,Georgia,3387
Catron,New Mexico,162
Cattaraugus,New York,6048
Cavalier,North Dakota,213
Cayuga,New York,5364
Cecil,Maryland,7318
Cedar,Iowa,1122
Cedar,Missouri,867
Cedar,Nebraska,631
Centre,Pennsylvania,16171
Cerro Gordo,Iowa,3007
Chaffee,Colorado,896
Chambers,Alabama,2480
Chambers,Texas,2531
Champaign,Illinois,20526
Champaign,Ohio,2910
Chariton,Missouri,414
Charles,Maryland,11171
Charles City,Virginia,280
Charles Mix,South Dakota,706
Charleston,South Carolina,22047
Charlevoix,Michigan,1658
Charlotte,Florida,6640
Charlotte,Virginia,1005
Charlottesville (city),Virginia,7070
Charlton,Georgia,841
Chase,Kansas,151
Chase,Nebraska,232
Chatham,Georgia,19373
Chatham,North Carolina,2664
Chattahoochee,Georgia,250
Chattooga,Georgia,1705
Chautauqua,Kansas,224
Chautauqua,New York,10738
Chaves,New Mexico,5542
Cheatham,Tennessee,2704
Cheboygan,Michigan,1521
Chelan,Washington,5198
Chemung,New York,5883
Chenango,New York,3665
Cherokee,Alabama,1357
Cherokee,Georgia,12944
Cherokee,Iowa,719
Cherokee,Kansas,1378
Cherokee,North Carolina,1565
Cherokee,Oklahoma,3822
Cherokee,South Carolina,3639
Cherokee,Texas,3395
Cherry,Nebraska,334
Chesapeake (city),Virginia,17022
Cheshire,New Hampshire,6544
Chester,Pennsylvania,35764
Chester,South Carolina,2367
Chester,Tennessee,1407
Chesterfield,South Carolina,3291
Chesterfield,Virginia,22564
Cheyenne,Colorado,127
Cheyenne,Kansas,161
Cheyenne,Nebraska,604
Chickasaw,Iowa,833
Chickasaw,Mississippi,1393
Chicot,Arkansas,751
Childress,Texas,438
Chilton,Alabama,2672
Chippewa,Michigan,2537
Chippewa,Minnesota,761
Chippewa,Wisconsin,3815
Chisago,Minnesota,4347
Chittenden,Vermont,13259
Choctaw,Alabama,893
Choctaw,Mississippi,463
Choctaw,Oklahoma,930
Chouteau,Montana,289
Chowan,North Carolina,884
Christian,Illinois,2345
Christian,Kentucky,5358
Christian,Missouri,5267
Churchill,Nevada,1698
Cibola,New Mexico,1813
Cimarron,Oklahoma,139
Citrus,Florida,9562
Clackamas,Oregon,22672
Claiborne,Louisiana,916
Claiborne,Mississippi,675
Claiborne,Tennessee,2420
Clallam,Washington,4062
Clare,Michigan,2236
Clarendon,South Carolina,2453
Clarion,Pennsylvania,3537
Clark,Arkansas,2682
Clark,Idaho,65
Clark,Illinois,1138
Clark,Indiana,7229
Clark,Kansas,155
Clark,Kentucky,2256
Clark,Missouri,427
Clark,Nevada,125349
Clark,Ohio,9759
Clark,South Dakota,245
Clark,Washington,30029
Clark,Wisconsin,2563
Clarke,Alabama,2056
Clarke,Georgia,12483
Clarke,Iowa,568
Clarke,Mississippi,1176
Clarke,Virginia,947
Clatsop,Oregon,2313
Clay,Alabama,867
Clay,Arkansas,1072
Clay,Florida,14860
Clay,Illinois,894
Clay,Indiana,2071
Clay,Iowa,1017
Clay,Kansas,519
Clay,Kentucky,1599
Clay,Minnesota,5445
Clay,Mississippi,1453
Clay,Missouri,14871
Clay,Nebraska,524
Clay,North Carolina,567
Clay,South Dakota,1645
Clay,Tennessee,311
Clay,Texas,520
Clay,West Virginia,687
Clayton,Georgia,20099
Clayton,Iowa,1137
Clear Creek,Colorado,285
Clearfield,Pennsylvania,4890
Clearwater,Idaho,506
Clearwater,Minnesota,578
Cleburne,Alabama,1045
Cleburne,Arkansas,1529
Clermont,Ohio,13964
Cleveland,Arkansas,530
Cleveland,North Carolina,7714
Cleveland,Oklahoma,18843
Clinch,Georgia,500
Clinton,Illinois,2299
Clinton,Indiana,2398
Clinton,Iowa,3279
Clinton,Kentucky,694
Clinton,Michigan,4260
Clinton,Missouri,1551
Clinton,New York,6491
Clinton,Ohio,3354
Clinton,Pennsylvania,3200
Cloud,Kansas,807
Coahoma,Mississippi,2281
Coal,Oklahoma,403
Cobb,Georgia,49795
Cochise,Arizona,9335
Cochran,Texas,272
Cocke,Tennessee,2294
Coconino,Arizona,13846
Codington,South Dakota,1902
Coffee,Alabama,3377
Coffee,Georgia,3174
Coffee,Tennessee,3762
Coffey,Kansas,580
Coke,Texas,180
Colbert,Alabama,3499
Cole,Missouri,5208
Coleman,Texas,524
Coles,Illinois,5212
Colfax,Nebraska,797
Colfax,New Mexico,856
Colleton,South Carolina,2672
Collier,Florida,17560
Collin,Texas,47698
Collingsworth,Texas,200
Colonial Heights (city),Virginia,1766
Colorado,Texas,1368
Colquitt,Georgia,2490
Columbia,Arkansas,2226
Columbia,Florida,4518
Columbia,Georgia,6267
Columbia,New York,4012
Columbia,Oregon,3414
Columbia,Pennsylvania,6762
Columbia,Washington,224
Columbia,Wisconsin,3999
Columbiana,Ohio,7256
Columbus,North Carolina,3858
Colusa,California,1781
Comal,Texas,8314
Comanche,Kansas,98
Comanche,Oklahoma,9625
Comanche,Texas,837
Concho,Texas,159
Concordia,Louisiana,1384
Conecuh,Alabama,978
Conejos,Colorado,637
Contra Costa,California,72653
Converse,Wyoming,939
Conway,Arkansas,1427
Cook,Georgia,1208
Cook,Illinois,352815
Cook,Minnesota,259
Cooke,Texas,2740
Cooper,Missouri,1145
Coos,New Hampshire,1997
Coos,Oregon,3804
Coosa,Alabama,760
Copiah,Mississippi,2647
Corson,South Dakota,355
Cortland,New York,4769
Coryell,Texas,3860
Coshocton,Ohio,2273
Costilla,Colorado,236
Cottle,Texas,95
Cotton,Oklahoma,451
Cottonwood,Minnesota,782
Covington,Alabama,1840
Covington,Mississippi,1624
Covington (city),Virginia,901
Coweta,Georgia,8983
Cowley,Kansas,2823
Cowlitz,Washington,7334
Craig,Oklahoma,1110
Craig,Virginia,276
Craighead,Arkansas,7650
Crane,Texas,375
Craven,North Carolina,6726
Crawford,Arkansas,4477
Crawford,Georgia,387
Crawford,Illinois,1338
Crawford,Indiana,757
Crawford,Iowa,1325
Crawford,Kansas,3250
Crawford,Michigan,766
Crawford,Missouri,1476
Crawford,Ohio,2987
Crawford,Pennsylvania,6610
Crawford,Wisconsin,1007
Creek,Oklahoma,5052
Crenshaw,Alabama,1020
Crisp,Georgia,1694
Crittenden,Arkansas,4010
Crittenden,Kentucky,504
Crockett,Tennessee,1028
Crockett,Texas,254
Crook,Oregon,1216
Crook,Wyoming,446
Crosby,Texas,474
Cross,Arkansas,1314
Crow Wing,Minnesota,4144
Crowley,Colorado,241
Culberson,Texas,183
Cullman,Alabama,5355
Culpeper,Virginia,3128
Cumberland,Illinois,640
Cumberland,Kentucky,467
Cumberland,Maine,18586
Cumberland,New Jersey,11031
Cumberland,North Carolina,24178
Cumberland,Pennsylvania,16733
Cumberland,Tennessee,2814
Cumberland,Virginia,470
Cuming,Nebraska,554
Currituck,North Carolina,1634
Curry,New Mexico,3513
Curry,Oregon,1110
Custer,Colorado,210
Custer,Idaho,218
Custer,Montana,882
Custer,Nebraska,675
Custer,Oklahoma,2341
Custer,South Dakota,500
Cuyahoga,Ohio,89182
Dade,Georgia,1118
Dade,Missouri,519
Daggett,Utah,48
Dakota,Minnesota,27493
Dakota,Nebraska,1681
Dale,Alabama,3277
Dallam,Texas,708
Dallas,Alabama,3567
Dallas,Arkansas,574
Dallas,Iowa,3114
Dallas,Missouri,1017
Dallas,Texas,181917
Dane,Wisconsin,32754
Daniels,Montana,89
Danville (city),Virginia,3929
Dare,North Carolina,1781
Darke,Ohio,3213
Darlington,South Carolina,4936
Dauphin,Pennsylvania,17976
Davidson,North Carolina,9072
Davidson,Tennessee,40654
Davie,North Carolina,2706
Daviess,Indiana,2052
Daviess,Kentucky,6476
Daviess,Missouri,633
Davis,Iowa,623
Davis,Utah,23597
Davison,South Dakota,1507
Dawes,Nebraska,1026
Dawson,Georgia,1617
Dawson,Montana,610
Dawson,Nebraska,1831
Dawson,Texas,905
Day,South Dakota,320
De Soto,Louisiana,1887
De Witt,Illinois,1088
DeBaca,New Mexico,106
DeKalb,Alabama,4760
DeKalb,Georgia,42185
DeKalb,Illinois,10203
DeKalb,Indiana,3240
DeKalb,Missouri,557
DeKalb,Tennessee,1180
DeSoto,Florida,2462
DeSoto,Mississippi,11792
DeWitt,Texas,998
Deaf Smith,Texas,1604
Dearborn,Indiana,3454
Decatur,Georgia,1808
Decatur,Indiana,1752
Decatur,Iowa,779
Decatur,Kansas,137
Decatur,Tennessee,783
Deer Lodge,Montana,623
Defiance,Ohio,2689
Del Norte,California,1867
Delaware,Indiana,11057
Delaware,Iowa,1156
Delaware,New York,3561
Delaware,Ohio,11544
Delaware,Oklahoma,2299
Delaware,Pennsylvania,47424
Delta,Colorado,1966
Delta,Michigan,2404
Delta,Texas,341
Dent,Missouri,977
Denton,Texas,44895
Denver,Colorado,33372
Des Moines,Iowa,2509
Deschutes,Oregon,9931
Desha,Arkansas,970
Deuel,Nebraska,95
Deuel,South Dakota,310
Dewey,Oklahoma,327
Dewey,South Dakota,566
Dickens,Texas,137
Dickenson,Virginia,861
Dickey,North Dakota,367
Dickinson,Iowa,845
Dickinson,Kansas,1342
Dickinson,Michigan,1783
Dickson,Tennessee,3449
Dillon,South Carolina,2430
Dimmit,Texas,810
Dinwiddie,Virginia,1128
District of Columbia,District of Columbia,39908
Divide,North Dakota,87
Dixie,Florida,849
Dixon,Nebraska,433
Doddridge,West Virginia,340
Dodge,Georgia,1738
Dodge,Minnesota,1452
Dodge,Nebraska,2519
Dodge,Wisconsin,5747
Dolores,Colorado,102
Dona Ana,New Mexico,3385
Doniphan,Kansas,764
Donley,Texas,404
Dooly,Georgia,1359
Door,Wisconsin,1533
Dorchester,Maryland,1995
Dorchester,South Carolina,11226
Dougherty,Georgia,8332
Douglas,Colorado,19167
Douglas,Georgia,10815
Douglas,Illinois,1454
Douglas,Kansas,10512
Douglas,Minnesota,2366
Douglas,Missouri,713
Douglas,Nebraska,35451
Douglas,Nevada,1902
Douglas,Oregon,6801
Douglas,South Dakota,203
Douglas,Washington,2824
Douglas,Wisconsin,3033
Doña Ana,New Mexico,15706
Drew,Arkansas,1501
DuPage,Illinois,65962
Dubois,Indiana,2804
Dubuque,Iowa,7128
Duchesne,Utah,1570
Dukes,Massachusetts,818
Dundy,Nebraska,111
Dunklin,Missouri,2239
Dunn,North Dakota,192
Dunn,Wisconsin,4127
Duplin,North Carolina,3401
Durham,North Carolina,18236
Dutchess,New York,24598
Duval,Florida,58365
Duval,Texas,1006
Dyer,Tennessee,2684
Eagle,Colorado,2606
East Baton Rouge,Louisiana,34317
East Carroll,Louisiana,555
East Feliciana,Louisiana,1444
Eastland,Texas,1610
Eaton,Michigan,8262
Eau Claire,Wisconsin,8205
Echols,Georgia,95
Ector,Texas,10717
Eddy,New Mexico,3927
Eddy,North Dakota,138
Edgar,Illinois,1133
Edgecombe,North Carolina,4054
Edgefield,South Carolina,1283
Edmonson,Kentucky,646
Edmunds,South Dakota,270
Edwards,Illinois,420
Edwards,Kansas,192
Edwards,Texas,116
Effingham,Georgia,3886
Effingham,Illinois,2686
El Dorado,California,12500
El Paso,Colorado,42820
El Paso,Texas,69460
Elbert,Colorado,1570
Elbert,Georgia,1464
Elk,Kansas,165
Elk,Pennsylvania,1908
Elkhart,Indiana,14532
Elko,Nevada,3880
Elliott,Kentucky,326
Ellis,Kansas,2194
Ellis,Oklahoma,251
Ellis,Texas,12866
Ellsworth,Kansas,315
Elmore,Alabama,6100
Elmore,Idaho,1878
Emanuel,Georgia,1546
Emery,Utah,831
Emmet,Iowa,890
Emmet,Michigan,2227
Emmons,North Dakota,235
Emporia (city),Virginia,933
Erath,Texas,3573
Erie,New York,66141
Erie,Ohio,5281
Erie,Pennsylvania,22565
Escambia,Alabama,2542
Escambia,Florida,23103
Esmeralda,Nevada,42
Essex,Massachusetts,51892
Essex,New Jersey,54926
Essex,New York,2378
Essex,Vermont,403
Essex,Virginia,771
Estill,Kentucky,942
Etowah,Alabama,6721
Eureka,Nevada,117
Evangeline,Louisiana,2599
Evans,Georgia,763
Fairfax,Virginia,62046
Fairfax (city),Virginia,6642
Fairfield,Connecticut,62198
Fairfield,Ohio,11863
Fairfield,South Carolina,1570
Fall River,South Dakota,411
Fallon,Montana,158
Falls,Texas,1003
Falls Church (city),Virginia,986
Fannin,Georgia,1252
Fannin,Texas,2135
Faribault,Minnesota,985
Faulk,South Dakota,162
Faulkner,Arkansas,8561
Fauquier,Virginia,4541
Fayette,Alabama,1060
Fayette,Georgia,9144
Fayette,Illinois,1371
Fayette,Indiana,1615
Fayette,Iowa,1495
Fayette,Kentucky,20783
Fayette,Ohio,1730
Fayette,Pennsylvania,9191
Fayette,Tennessee,1733
Fayette,Texas,1558
Fayette,West Virginia,3098
Fentress,Tennessee,1152
Fergus,Montana,661
Ferry,Washington,490
Fillmore,Minnesota,1526
Fillmore,Nebraska,442
Finney,Kansas,3170
Fisher,Texas,291
Flagler,Florida,5509
Flathead,Montana,6023
Fleming,Kentucky,1000
Florence,South Carolina,9956
Florence,Wisconsin,198
Floyd,Georgia,7063
Floyd,Indiana,5170
Floyd,Iowa,1129
Floyd,Kentucky,2602
Floyd,Texas,490
Floyd,Virginia,767
Fluvanna,Virginia,1445
Foard,Texas,103
Fond du Lac,Wisconsin,6746
Ford,Illinois,931
Ford,Kansas,2785
Forest,Pennsylvania,555
Forest,Wisconsin,702
Forrest,Mississippi,8169
Forsyth,Georgia,8000
Forsyth,North Carolina,26468
Fort Bend,Texas,34259
Foster,North Dakota,233
Fountain,Indiana,1418
Franklin,Alabama,2374
Franklin,Arkansas,1351
Franklin,Florida,509
Franklin,Georgia,1746
Franklin,Idaho,1020
Franklin,Illinois,2680
Franklin,Indiana,1377
Franklin,Iowa,624
Franklin,Kansas,1953
Franklin,Kentucky,3410
Franklin,Louisiana,1319
Franklin,Maine,2322
Franklin,Massachusetts,4302
Franklin,Mississippi,514
Franklin,Missouri,7632
Franklin,Nebraska,194
Franklin,New York,3826
Franklin,North Carolina,3702
Franklin,Ohio,80743
Franklin,Pennsylvania,7551
Franklin,Tennessee,2695
Franklin,Texas,653
Franklin,Vermont,2920
Franklin,Virginia,3431
Franklin,Washington,6156
Franklin (city),Virginia,945
Frederick,Maryland,17574
Frederick,Virginia,5474
Fredericksburg (city),Virginia,2389
Freeborn,Minnesota,1816
Freestone,Texas,1104
Fremont,Colorado,2399
Fremont,Idaho,1007
Fremont,Iowa,504
Fremont,Wyoming,2678
Fresno,California,80231
Frio,Texas,1368
Frontier,Nebraska,244
Fulton,Arkansas,645
Fulton,Georgia,66795
Fulton,Illinois,2256
Fulton,Indiana,1435
Fulton,Kentucky,435
Fulton,New York,3467
Fulton,Ohio,3499
Fulton,Pennsylvania,936
Furnas,Nebraska,374
Gadsden,Florida,3168
Gage,Nebraska,1335
Gaines,Texas,1463
Galax (city),Virginia,1080
Gallatin,Illinois,364
Gallatin,Kentucky,593
Gallatin,Montana,6592
Gallia,Ohio,2282
Galveston,Texas,22269
Garden,Nebraska,128
Garfield,Colorado,4023
Garfield,Montana,44
Garfield,Nebraska,147
Garfield,Oklahoma,3767
Garfield,Utah,373
Garfield,Washington,144
Garland,Arkansas,6134
Garrard,Kentucky,1133
Garrett,Maryland,2075
Garvin,Oklahoma,1963
Garza,Texas,490
Gasconade,Missouri,1023
Gaston,North Carolina,14222
Gates,North Carolina,896
Geary,Kansas,2926
Geauga,Ohio,6743
Gem,Idaho,1123
Genesee,Michigan,33534
Genesee,New York,4438
Geneva,Alabama,1815
Gentry,Missouri,513
George,Mississippi,2114
Georgetown,South Carolina,4378
Gibson,Indiana,2361
Gibson,Tennessee,3679
Gila,Arizona,3594
Gilchrist,Florida,1363
Giles,Tennessee,1991
Giles,Virginia,1089
Gillespie,Texas,1441
Gilliam,Oregon,98
Gilmer,Georgia,1616
Gilmer,West Virginia,577
Gilpin,Colorado,210
Glacier,Montana,1115
Glades,Florida,354
Gladwin,Michigan,1661
Glascock,Georgia,226
Glasscock,Texas,79
Glenn,California,2217
Gloucester,New Jersey,20011
Gloucester,Virginia,2506
Glynn,Georgia,5210
Gogebic,Michigan,958
Golden Valley,Montana,67
Golden Valley,North Dakota,145
Goliad,Texas,446
Gonzales,Texas,1388
Goochland,Virginia,2574
Goodhue,Minnesota,3080
Gooding,Idaho,1168
Gordon,Georgia,4158
Goshen,Wyoming,980
Gosper,Nebraska,112
Gove,Kansas,167
Grady,Georgia,1018
Grady,Oklahoma,2991
Grafton,New Hampshire,7126
Graham,Arizona,2811
Graham,Kansas,122
Graham,North Carolina,514
Grainger,Tennessee,1538
Grand,Colorado,786
Grand,Utah,573
Grand Forks,North Dakota,5936
Grand Isle,Vermont,420
Grand Traverse,Michigan,6360
Granite,Montana,140
Grant,Arkansas,1107
Grant,Indiana,5868
Grant,Kansas,563
Grant,Kentucky,2021
Grant,Louisiana,1381
Grant,Minnesota,391
Grant,Nebraska,49
Grant,New Mexico,1852
Grant,North Dakota,106
Grant,Oklahoma,306
Grant,Oregon,424
Grant,South Dakota,499
Grant,Washington,7153
Grant,West Virginia,672
Grant,Wisconsin,5034
Granville,North Carolina,3732
Gratiot,Michigan,3444
Graves,Kentucky,2577
Gray,Kansas,515
Gray,Texas,1446
Grays Harbor,Washington,4871
Grayson,Kentucky,1863
Grayson,Texas,8881
Grayson,Virginia,690
Greeley,Kansas,80
Greeley,Nebraska,164
Green,Kentucky,606
Green,Wisconsin,2438
Green Lake,Wisconsin,1265
Greenbrier,West Virginia,2166
Greene,Alabama,695
Greene,Arkansas,2799
Greene,Georgia,819
Greene,Illinois,971
Greene,Indiana,2187
Greene,Iowa,602
Greene,Mississippi,666
Greene,Missouri,19472
Greene,New York,3541
Greene,North Carolina,1036
Greene,Ohio,12160
Greene,Pennsylvania,2726
Greene,Tennessee,4392
Greene,Virginia,1020
Greenlee,Arizona,638
Greensville,Virginia,43
Greenup,Kentucky,2217
Greenville,South Carolina,32635
Greenwood,Kansas,391
Greenwood,South Carolina,5481
Greer,Oklahoma,330
Gregg,Texas,10635
Gregory,South Dakota,266
Grenada,Mississippi,1674
Griggs,North Dakota,121
Grimes,Texas,1868
Grundy,Illinois,3617
Grundy,Iowa,754
Grundy,Missouri,699
Grundy,Tennessee,889
Guadalupe,New Mexico,297
Guadalupe,Texas,8915
Guernsey,Ohio,2797
Guilford,North Carolina,39413
Gulf,Florida,759
Gunnison,Colorado,1115
Guthrie,Iowa,713
Gwinnett,Georgia,63563
Haakon,South Dakota,114
Habersham,Georgia,2897
Hale,Alabama,1527
Hale,Texas,2902
Halifax,North Carolina,4075
Halifax,Virginia,2256
Hall,Georgia,13181
Hall,Nebraska,4041
Hall,Texas,246
Hamblen,Tennessee,4247
Hamilton,Florida,1034
Hamilton,Illinois,539
Hamilton,Indiana,15645
Hamilton,Iowa,948
Hamilton,Kansas,182
Hamilton,Nebraska,633
Hamilton,New York,171
Hamilton,Ohio,58329
Hamilton,Tennessee,23022
Hamilton,Texas,569
Hamlin,South Dakota,418
Hampden,Massachusetts,36904
Hampshire,Massachusetts,17110
Hampshire,West Virginia,1497
Hampton,South Carolina,1836
Hampton (city),Virginia,10554
Hancock,Georgia,640
Hancock,Illinois,1285
Hancock,Indiana,5069
Hancock,Iowa,640
Hancock,Kentucky,677
Hancock,Maine,3179
Hancock,Mississippi,2714
Hancock,Ohio,5087
Hancock,Tennessee,337
Hancock,West Virginia,1904
Hand,South Dakota,164
Hanover,Virginia,9612
Hansford,Texas,460
Hanson,South Dakota,195
Haralson,Georgia,2020
Hardee,Florida,2196
Hardeman,Tennessee,1769
Hardeman,Texas,266
Hardin,Illinois,226
Hardin,Iowa,1462
Hardin,Kentucky,8098
Hardin,Ohio,2884
Hardin,Tennessee,1536
Hardin,Texas,3815
Harding,New Mexico,30
Harding,South Dakota,103
Hardy,West Virginia,797
Harford,Maryland,17318
Harlan,Kentucky,1984
Harlan,Nebraska,178
Harmon,Oklahoma,204
Harnett,North Carolina,6002
Harney,Oregon,527
Harper,Kansas,365
Harper,Oklahoma,251
Harris,Georgia,1825
Harris,Texas,312943
Harrison,Indiana,2695
Harrison,Iowa,1061
Harrison,Kentucky,1308
Harrison,Mississippi,14065
Harrison,Missouri,508
Harrison,Ohio,1025
Harrison,Texas,3811
Harrison,West Virginia,4692
Harrisonburg (city),Virginia,7069
Hart,Georgia,1142
Hart,Kentucky,1190
Hartford,Connecticut,60533
Hartley,Texas,99
Harvey,Kansas,2657
Haskell,Kansas,360
Haskell,Oklahoma,918
Haskell,Texas,352
Hawkins,Tennessee,3424
Hayes,Nebraska,38
Hays,Texas,15069
Haywood,North Carolina,3430
Haywood,Tennessee,1264
Heard,Georgia,754
Hemphill,Texas,262
Hempstead,Arkansas,1431
Henderson,Illinois,414
Henderson,Kentucky,2775
Henderson,North Carolina,5401
Henderson,Tennessee,1656
Henderson,Texas,5622
Hendricks,Indiana,9229
Hendry,Florida,3405
Hennepin,Minnesota,73159
Henrico,Virginia,15089
Henry,Alabama,1150
Henry,Georgia,18054
Henry,Illinois,3521
Henry,Indiana,3396
Henry,Iowa,1432
Henry,Kentucky,1201
Henry,Missouri,1432
Henry,Ohio,1973
Henry,Tennessee,1898
Henry,Virginia,2343
Herkimer,New York,4769
Hernando,Florida,7226
Hertford,North Carolina,1925
Hettinger,North Dakota,142
Hickman,Kentucky,225
Hickman,Tennessee,1755
Hickory,Missouri,413
Hidalgo,New Mexico,384
Hidalgo,Texas,69478
Highland,Ohio,2912
Highland,Virginia,108
Highlands,Florida,5365
Hill,Montana,1366
Hill,Texas,2308
Hillsborough,Florida,81737
Hillsborough,New Hampshire,27723
Hillsdale,Michigan,3365
Hinds,Mississippi,20865
Hinsdale,Colorado,18
Hitchcock,Nebraska,182
Hocking,Ohio,1922
Hockley,Texas,2033
Hodgeman,Kansas,125
Hoke,North Carolina,2335
Holmes,Florida,1518
Holmes,Mississippi,1965
Holmes,Ohio,2371
Holt,Missouri,255
Holt,Nebraska,683
Hood,Texas,3251
Hood River,Oregon,1558
Hooker,Nebraska,52
Hopewell (city),Virginia,2050
Hopkins,Kentucky,2970
Hopkins,Texas,2447
Horry,South Carolina,16299
Hot Spring,Arkansas,2234
Hot Springs,Wyoming,250
Houghton,Michigan,3555
Houston,Alabama,6535
Houston,Georgia,10081
Houston,Minnesota,1366
Houston,Tennessee,553
Houston,Texas,1591
Howard,Arkansas,1055
Howard,Indiana,5668
Howard,Iowa,727
Howard,Maryland,19024
Howard,Missouri,792
Howard,Nebraska,421
Howard,Texas,2571
Howell,Missouri,2774
Hubbard,Minnesota,1045
Hudson,New Jersey,37526
Hudspeth,Texas,314
Huerfano,Colorado,394
Hughes,Oklahoma,944
Hughes,South Dakota,1063
Humboldt,California,9533
Humboldt,Iowa,644
Humboldt,Nevada,1242
Humphreys,Mississippi,742
Humphreys,Tennessee,1339
Hunt,Texas,5686
Hunterdon,New Jersey,8695
Huntingdon,Pennsylvania,3062
Huntington,Indiana,3163
Huron,Michigan,2038
Huron,Ohio,5174
Hutchinson,South Dakota,478
Hutchinson,Texas,1581
Hyde,North Carolina,242
Hyde,South Dakota,73
Iberia,Louisiana,5574
Iberville,Louisiana,2470
Ida,Iowa,423
Idaho,Idaho,834
Imperial,California,14683
Independence,Arkansas,2372
Indian River,Florida,8014
Indiana,Pennsylvania,8740
Ingham,Michigan,28058
Inyo,California,1140
Ionia,Michigan,4551
Iosco,Michigan,1436
Iowa,Iowa,1139
Iowa,Wisconsin,1354
Iredell,North Carolina,11148
Irion,Texas,125
Iron,Michigan,624
Iron,Missouri,748
Iron,Utah,4569
Iron,Wisconsin,326
Iroquois,Illinois,2118
Irwin,Georgia,532
Isabella,Michigan,8925
Isanti,Minnesota,2371
Island,Washington,4615
Isle of Wight,Virginia,2338
Issaquena,Mississippi,84
Itasca,Minnesota,2860
Itawamba,Mississippi,2456
Izard,Arkansas,764
Jack,Texas,583
Jackson,Alabama,3830
Jackson,Arkansas,918
Jackson,Colorado,67
Jackson,Florida,3222
Jackson,Georgia,5284
Jackson,Illinois,5642
Jackson,Indiana,2908
Jackson,Iowa,1347
Jackson,Kansas,912
Jackson,Kentucky,932
Jackson,Louisiana,1074
Jackson,Michigan,11585
Jackson,Minnesota,589
Jackson,Mississippi,9145
Jackson,Missouri,45025
Jackson,North Carolina,3545
Jackson,Ohio,2156
Jackson,Oklahoma,1974
Jackson,Oregon,13172
Jackson,South Dakota,227
Jackson,Tennessee,505
Jackson,Texas,922
Jackson,West Virginia,1999
Jackson,Wisconsin,1167
James City,Virginia,6950
Jasper,Georgia,958
Jasper,Illinois,568
Jasper,Indiana,2834
Jasper,Iowa,2212
Jasper,Mississippi,1329
Jasper,Missouri,9442
Jasper,South Carolina,1625
Jasper,Texas,2276
Jay,Indiana,1630
Jeff Davis,Georgia,1037
Jeff Davis,Texas,187
Jefferson,Alabama,46469
Jefferson,Arkansas,5996
Jefferson,Colorado,34941
Jefferson,Florida,766
Jefferson,Georgia,1207
Jefferson,Idaho,2109
Jefferson,Illinois,2514
Jefferson,Indiana,2470
Jefferson,Iowa,902
Jefferson,Kansas,1325
Jefferson,Kentucky,49317
Jefferson,Louisiana,27046
Jefferson,Mississippi,867
Jefferson,Missouri,13717
Jefferson,Montana,819
Jefferson,Nebraska,421
Jefferson,New York,7928
Jefferson,Ohio,4951
Jefferson,Oklahoma,435
Jefferson,Oregon,1439
Jefferson,Pennsylvania,3144
Jefferson,Tennessee,3925
Jefferson,Texas,18310
Jefferson,Washington,1286
Jefferson,West Virginia,3906
Jefferson,Wisconsin,5101
Jefferson Davis,Louisiana,2262
Jefferson Davis,Mississippi,781
Jenkins,Georgia,622
Jennings,Indiana,2157
Jerauld,South Dakota,98
Jerome,Idaho,1796
Jersey,Illinois,1896
Jessamine,Kentucky,3612
Jewell,Kansas,140
Jim Hogg,Texas,358
Jim Wells,Texas,3231
Jo Daviess,Illinois,1264
Johnson,Arkansas,1856
Johnson,Georgia,505
Johnson,Illinois,880
Johnson,Indiana,10176
Johnson,Iowa,10681
Johnson,Kansas,34674
Johnson,Kentucky,1572
Johnson,Missouri,4649
Johnson,Nebraska,247
Johnson,Tennessee,1060
Johnson,Texas,11941
Johnson,Wyoming,482
Johnston,North Carolina,9942
Johnston,Oklahoma,820
Jones,Georgia,1181
Jones,Iowa,1239
Jones,Mississippi,4671
Jones,North Carolina,712
Jones,South Dakota,49
Jones,Texas,898
Josephine,Oregon,5216
Juab,Utah,888
Judith Basin,Montana,124
Juneau,Wisconsin,1640
Juniata,Pennsylvania,1513
Kalamazoo,Michigan,19210
Kalkaska,Michigan,840
Kanabec,Minnesota,883
Kanawha,West Virginia,11504
Kandiyohi,Minnesota,3100
Kane,Illinois,37045
Kane,Utah,459
Kankakee,Illinois,8758
Karnes,Texas,987
Kaufman,Texas,7244
Kay,Oklahoma,3558
Kearney,Nebraska,421
Kearny,Kansas,334
Keith,Nebraska,447
Kemper,Mississippi,810
Kendall,Illinois,7075
Kendall,Texas,2393
Kenedy,Texas,20
Kennebec,Maine,8092
Kenosha,Wisconsin,12498
Kent,Delaware,12005
Kent,Maryland,1839
Kent,Michigan,43836
Kent,Rhode Island,10224
Kent,Texas,43
Kenton,Kentucky,9967
Keokuk,Iowa,778
Kern,California,72627
Kerr,Texas,3086
Kershaw,South Carolina,4548
Kewaunee,Wisconsin,1349
Keweenaw,Michigan,94
Keya Paha,Nebraska,57
Kidder,North Dakota,146
Kimball,Nebraska,243
Kimble,Texas,247
King,Texas,22
King,Washington,118142
King George,Virginia,1595
King William,Virginia,1041
King and Queen,Virginia,423
Kingfisher,Oklahoma,1160
Kingman,Kansas,482
Kings,California,11240
Kings,New York,170684
Kingsbury,South Dakota,365
Kinney,Texas,230
Kiowa,Colorado,93
Kiowa,Kansas,254
Kiowa,Oklahoma,639
Kit Carson,Colorado,520
Kitsap,Washington,17237
Kittitas,Washington,3865
Kittson,Minnesota,259
Klamath,Oregon,4514
Kleberg,Texas,3053
Klickitat,Washington,1238
Knott,Kentucky,1033
Knox,Illinois,3570
Knox,Indiana,3499
Knox,Kentucky,1961
Knox,Maine,2127
Knox,Missouri,282
Knox,Nebraska,545
Knox,Ohio,5034
Knox,Tennessee,28018
Knox,Texas,230
Koochiching,Minnesota,886
Kootenai,Idaho,10027
Kosciusko,Indiana,5326
Kossuth,Iowa,964
La Crosse,Wisconsin,9468
La Paz,Arizona,1037
La Plata,Colorado,3768
La Salle,Illinois,7276
La Salle,Louisiana,978
La Salle,Texas,503
LaGrange,Indiana,2960
LaMoure,North Dakota,252
LaPorte,Indiana,7290
Labette,Kansas,1574
Lac qui Parle,Minnesota,381
Lackawanna,Pennsylvania,14433
Laclede,Missouri,2412
Lafayette,Arkansas,573
Lafayette,Florida,446
Lafayette,Louisiana,16692
Lafayette,Mississippi,5042
Lafayette,Missouri,2477
Lafayette,Wisconsin,1128
Lafourche,Louisiana,6826
Lake,California,4177
Lake,Colorado,483
Lake,Florida,17612
Lake,Illinois,58479
Lake,Indiana,36678
Lake,Michigan,543
Lake,Minnesota,606
Lake,Montana,1887
Lake,Ohio,14640
Lake,Oregon,477
Lake,South Dakota,917
Lake,Tennessee,435
Lake of the Woods,Minnesota,238
Lamar,Alabama,929
Lamar,Georgia,1871
Lamar,Mississippi,2298
Lamar,Texas,3621
Lamb,Texas,1100
Lamoille,Vermont,1858
Lampasas,Texas,1519
Lancaster,Nebraska,21105
Lancaster,Pennsylvania,38023
Lancaster,South Carolina,4285
Lancaster,Virginia,599
Lander,Nevada,460
Lane,Kansas,109
Lane,Oregon,25526
Langlade,Wisconsin,1260
Lanier,Georgia,529
Lapeer,Michigan,6588
Laramie,Wyoming,5956
Larimer,Colorado,22581
Larue,Kentucky,930
Las Animas,Colorado,1068
Lassen,California,2110
Latah,Idaho,4018
Latimer,Oklahoma,786
Lauderdale,Alabama,6734
Lauderdale,Mississippi,6257
Lauderdale,Tennessee,1975
Laurel,Kentucky,3336
Laurens,Georgia,3499
Laurens,South Carolina,4075
Lavaca,Texas,1471
Lawrence,Alabama,1859
Lawrence,Arkansas,1424
Lawrence,Illinois,989
Lawrence,Indiana,3089
Lawrence,Kentucky,1080
Lawrence,Mississippi,1195
Lawrence,Missouri,2466
Lawrence,Ohio,4151
Lawrence,Pennsylvania,6620
Lawrence,South Dakota,1829
Lawrence,Tennessee,3328
Le Flore,Oklahoma,3601
Le Sueur,Minnesota,2222
Lea,New Mexico,4894
Leake,Mississippi,2431
Leavenworth,Kansas,4543
Lebanon,Pennsylvania,8887
Lee,Alabama,11608
Lee,Arkansas,668
Lee,Florida,30252
Lee,Georgia,1923
Lee,Illinois,2437
Lee,Iowa,2346
Lee,Kentucky,441
Lee,Mississippi,6426
Lee,North Carolina,5118
Lee,South Carolina,1158
Lee,Texas,1294
Lee,Virginia,1407
Leelanau,Michigan,1050
Leflore,Mississippi,2594
Lehigh,Pennsylvania,23611
Lemhi,Idaho,447
Lenawee,Michigan,7834
Lenoir,North Carolina,4639
Leon,Florida,27231
Leon,Texas,1236
Leslie,Kentucky,664
Letcher,Kentucky,1642
Levy,Florida,2320
Lewis,Idaho,382
Lewis,Kentucky,942
Lewis,Missouri,801
Lewis,New York,1798
Lewis,Tennessee,693
Lewis,Washington,5629
Lewis,West Virginia,1085
Lewis and Clark,Montana,4146
Lexington,South Carolina,18379
Lexington (city),Virginia,1792
Liberty,Florida,493
Liberty,Georgia,5188
Liberty,Montana,144
Liberty,Texas,6475
Licking,Ohio,11074
Limestone,Alabama,4461
Limestone,Texas,1599
Lincoln,Arkansas,818
Lincoln,Colorado,316
Lincoln,Georgia,531
Lincoln,Idaho,418
Lincoln,Kansas,181
Lincoln,Kentucky,1793
Lincoln,Louisiana,5174
Lincoln,Maine,1889
Lincoln,Minnesota,280
Lincoln,Mississippi,2371
Lincoln,Missouri,3759
Lincoln,Montana,1178
Lincoln,Nebraska,2388
Lincoln,Nevada,497
Lincoln,New Mexico,1127
Lincoln,North Carolina,5120
Lincoln,Oklahoma,2272
Lincoln,Oregon,2380
Lincoln,South Dakota,1333
Lincoln,Tennessee,2164
Lincoln,Washington,595
Lincoln,West Virginia,1422
Lincoln,Wisconsin,2225
Lincoln,Wyoming,1223
Linn,Iowa,15524
Linn,Kansas,587
Linn,Missouri,925
Linn,Oregon,8342
Lipscomb,Texas,221
Litchfield,Connecticut,12211
Little River,Arkansas,884
Live Oak,Texas,605
Livingston,Illinois,2487
Livingston,Kentucky,576
Livingston,Louisiana,9118
Livingston,Michigan,10833
Livingston,Missouri,930
Livingston,New York,5793
Llano,Texas,768
Logan,Arkansas,1729
Logan,Colorado,1697
Logan,Illinois,2106
Logan,Kansas,202
Logan,Kentucky,1874
Logan,Nebraska,51
Logan,North Dakota,87
Logan,Ohio,3485
Logan,Oklahoma,2750
Logan,West Virginia,2170
Long,Georgia,748
Lonoke,Arkansas,4769
Lorain,Ohio,20885
Los Alamos,New Mexico,1126
Los Angeles,California,753300
Loudon,Tennessee,3258
Loudoun,Virginia,19249
Louisa,Iowa,799
Louisa,Virginia,1859
Loup,Nebraska,28
Love,Oklahoma,543
Lowndes,Alabama,672
Lowndes,Georgia,10384
Lowndes,Mississippi,4134
Lubbock,Texas,23522
Lucas,Iowa,628
Lucas,Ohio,32965
Luce,Michigan,351
Lumpkin,Georgia,2390
Luna,New Mexico,1937
Lunenburg,Virginia,556
Luzerne,Pennsylvania,21901
Lycoming,Pennsylvania,8708
Lyman,South Dakota,295
Lynchburg (city),Virginia,9865
Lynn,Texas,430
Lyon,Iowa,781
Lyon,Kansas,2765
Lyon,Kentucky,362
Lyon,Minnesota,2126
Lyon,Nevada,3525
Mackinac,Michigan,597
Macomb,Michigan,56704
Macon,Alabama,2270
Macon,Georgia,556
Macon,Illinois,7755
Macon,Missouri,1028
Macon,North Carolina,1909
Macon,Tennessee,1281
Macoupin,Illinois,2944
Madera,California,11262
Madison,Alabama,25610
Madison,Arkansas,1046
Madison,Florida,1397
Madison,Georgia,2109
Madison,Idaho,4888
Madison,Illinois,18617
Madison,Indiana,9102
Madison,Iowa,1020
Madison,Kentucky,7235
Madison,Louisiana,811
Madison,Mississippi,6518
Madison,Missouri,891
Madison,Montana,329
Madison,Nebraska,2926
Madison,New York,6614
Madison,North Carolina,1520
Madison,Ohio,3471
Madison,Tennessee,7854
Madison,Texas,880
Madison,Virginia,645
Magoffin,Kentucky,925
Mahaska,Iowa,1448
Mahnomen,Minnesota,384
Mahoning,Ohio,16105
Major,Oklahoma,450
Malheur,Oregon,2275
Manassas (city),Virginia,5452
Manassas Park (city),Virginia,4314
Manatee,Florida,18554
Manistee,Michigan,1409
Manitowoc,Wisconsin,5452
Marathon,Wisconsin,8759
Marengo,Alabama,1369
Maricopa,Arizona,260699
Maries,Missouri,393
Marin,California,12747
Marinette,Wisconsin,2781
Marion,Alabama,1753
Marion,Arkansas,861
Marion,Florida,18657
Marion,Georgia,435
Marion,Illinois,3220
Marion,Indiana,64314
Marion,Iowa,2712
Marion,Kansas,945
Marion,Kentucky,1299
Marion,Mississippi,1841
Marion,Missouri,1943
Marion,Ohio,4401
Marion,Oregon,21828
Marion,South Carolina,2265
Marion,Tennessee,1632
Marion,Texas,451
Marion,West Virginia,4023
Mariposa,California,936
Marlboro,South Carolina,1864
Marquette,Michigan,5140
Marquette,Wisconsin,937
Marshall,Alabama,7647
Marshall,Illinois,971
Marshall,Indiana,3430
Marshall,Iowa,2889
Marshall,Kansas,586
Marshall,Kentucky,1927
Marshall,Minnesota,600
Marshall,Mississippi,2986
Marshall,Oklahoma,989
Marshall,South Dakota,283
Marshall,Tennessee,2079
Marshall,West Virginia,1827
Martin,Florida,7568
Martin,Indiana,914
Martin,Kentucky,799
Martin,Minnesota,1310
Martin,North Carolina,1658
Martin,Texas,376
Martinsville (city),Virginia,1928
Mason,Illinois,1126
Mason,Kentucky,1083
Mason,Michigan,1834
Mason,Texas,231
Mason,Washington,3612
Mason,West Virginia,1595
Massac,Illinois,956
Matagorda,Texas,2745
Mathews,Virginia,506
Maury,Tennessee,6202
Maverick,Texas,5143
Mayes,Oklahoma,3051
McClain,Oklahoma,2717
McCone,Montana,91
McCook,South Dakota,344
McCormick,South Carolina,537
McCracken,Kentucky,4001
McCreary,Kentucky,1315
McCulloch,Texas,518
McCurtain,Oklahoma,2457
McDonald,Missouri,1602
McDonough,Illinois,3354
McDowell,North Carolina,2714
McDowell,West Virginia,1344
McDuffie,Georgia,1546
McHenry,Illinois,24314
McHenry,North Dakota,364
McIntosh,Georgia,1002
McIntosh,North Dakota,148
McIntosh,Oklahoma,1178
McKean,Pennsylvania,3049
McKenzie,North Dakota,323
McKinley,New Mexico,6873
McLean,Illinois,14969
McLean,Kentucky,653
McLean,North Dakota,551
McLennan,Texas,20838
McLeod,Minnesota,2481
McMinn,Tennessee,3415
McMullen,Texas,34
McNairy,Tennessee,2020
McPherson,Kansas,2031
McPherson,Nebraska,24
McPherson,South Dakota,139
Meade,Kansas,365
Meade,Kentucky,1403
Meade,South Dakota,1578
Meagher,Montana,141
Mecklenburg,North Carolina,63563
Mecklenburg,Virginia,1900
Mecosta,Michigan,4236
Medina,Ohio,13231
Medina,Texas,3107
Meeker,Minnesota,1457
Meigs,Ohio,1388
Meigs,Tennessee,965
Mellette,South Dakota,171
Menard,Illinois,900
Menard,Texas,106
Mendocino,California,5608
Menifee,Kentucky,497
Menominee,Michigan,1412
Menominee,Wisconsin,404
Merced,California,24377
Mercer,Illinois,1028
Mercer,Kentucky,1478
Mercer,Missouri,216
Mercer,New Jersey,28207
Mercer,North Dakota,514
Mercer,Ohio,3025
Mercer,Pennsylvania,8577
Mercer,West Virginia,3952
Meriwether,Georgia,1340
Merrick,Nebraska,537
Merrimack,New Hampshire,10046
Mesa,Colorado,10265
Metcalfe,Kentucky,718
Miami,Indiana,2421
Miami,Kansas,1967
Miami,Ohio,7148
Miami-Dade,Florida,168513
Middlesex,Connecticut,10654
Middlesex,Massachusetts,99937
Middlesex,New Jersey,57241
Middlesex,Virginia,704
Midland,Michigan,6048
Midland,Texas,10227
Mifflin,Pennsylvania,2665
Milam,Texas,1890
Millard,Utah,1058
Mille Lacs,Minnesota,2431
Miller,Arkansas,2804
Miller,Georgia,382
Miller,Missouri,1365
Mills,Iowa,1049
Mills,Texas,326
Milwaukee,Wisconsin,69918
Miner,South Dakota,137
Mineral,Colorado,33
Mineral,Montana,287
Mineral,Nevada,288
Mineral,West Virginia,2221
Mingo,West Virginia,1692
Minidoka,Idaho,1676
Minnehaha,South Dakota,12575
Missaukee,Michigan,933
Mississippi,Arkansas,3424
Mississippi,Missouri,894
Missoula,Montana,7664
Mitchell,Georgia,1587
Mitchell,Iowa,674
Mitchell,Kansas,453
Mitchell,North Carolina,878
Mitchell,Texas,587
Mobile,Alabama,30812
Modoc,California,526
Moffat,Colorado,911
Mohave,Arizona,9998
Moniteau,Missouri,977
Monmouth,New Jersey,45058
Mono,California,749
Monona,Iowa,576
Monongalia,West Virginia,9519
Monroe,Alabama,1709
Monroe,Arkansas,601
Monroe,Florida,3259
Monroe,Georgia,1503
Monroe,Illinois,2108
Monroe,Indiana,14754
Monroe,Iowa,509
Monroe,Kentucky,782
Monroe,Michigan,11639
Monroe,Mississippi,2824
Monroe,Missouri,634
Monroe,New York,57765
Monroe,Ohio,889
Monroe,Pennsylvania,13223
Monroe,Tennessee,2844
Monroe,West Virginia,755
Monroe,Wisconsin,3053
Montague,Texas,1248
Montcalm,Michigan,5019
Monterey,California,31562
Montezuma,Colorado,1594
Montgomery,Alabama,16935
Montgomery,Arkansas,465
Montgomery,Georgia,755
Montgomery,Illinois,1899
Montgomery,Indiana,2916
Montgomery,Iowa,723
Montgomery,Kansas,2739
Montgomery,Kentucky,1655
Montgomery,Maryland,60402
Montgomery,Mississippi,934
Montgomery,Missouri,889
Montgomery,New York,4050
Montgomery,North Carolina,1722
Montgomery,Ohio,38808
Montgomery,Pennsylvania,50831
Montgomery,Tennessee,11755
Montgomery,Texas,29361
Montgomery,Virginia,11019
Montmorency,Michigan,535
Montour,Pennsylvania,1118
Montrose,Colorado,2580
Moody,South Dakota,377
Moore,North Carolina,6123
Moore,Tennessee,207
Moore,Texas,1777
Mora,New Mexico,283
Morehouse,Louisiana,1928
Morgan,Alabama,8603
Morgan,Colorado,2083
Morgan,Georgia,1194
Morgan,Illinois,2545
Morgan,Indiana,4309
Morgan,Kentucky,814
Morgan,Missouri,1267
Morgan,Ohio,901
Morgan,Tennessee,1652
Morgan,Utah,833
Morgan,West Virginia,983
Morrill,Nebraska,320
Morris,Kansas,328
Morris,New Jersey,31134
Morris,Texas,918
Morrison,Minnesota,2305
Morrow,Ohio,1911
Morrow,Oregon,888
Morton,Kansas,261
Morton,North Dakota,1755
Motley,Texas,62
Moultrie,Illinois,906
Mountrail,North Dakota,573
Mower,Minnesota,2673
Muhlenberg,Kentucky,1987
Multnomah,Oregon,41075
Murray,Georgia,2797
Murray,Minnesota,518
Murray,Oklahoma,790
Muscatine,Iowa,3112
Muscogee,Georgia,15967
Muskegon,Michigan,12894
Muskingum,Ohio,6588
Muskogee,Oklahoma,5314
Musselshell,Montana,281
Nacogdoches,Texas,6702
Nance,Nebraska,220
Nantucket,Massachusetts,458
Napa,California,9492
Nash,North Carolina,6380
Nassau,Florida,4617
Nassau,New York,95126
Natchitoches,Louisiana,3530
Natrona,Wyoming,5040
Navajo,Arizona,9306
Navarro,Texas,3357
Nelson,Kentucky,3168
Nelson,North Dakota,172
Nelson,Virginia,1048
Nemaha,Kansas,688
Nemaha,Nebraska,613
Neosho,Kansas,1242
Neshoba,Mississippi,2345
Ness,Kansas,161
Nevada,Arkansas,594
Nevada,California,5678
New Castle,Delaware,40724
New Hanover,North Carolina,13646
New Haven,Connecticut,61436
New Kent,Virginia,1374
New London,Connecticut,18742
New Madrid,Missouri,1163
New York,New York,76214
Newaygo,Michigan,3084
Newberry,South Carolina,2824
Newport,Rhode Island,5533
Newport News (city),Virginia,14144
Newton,Arkansas,459
Newton,Georgia,8209
Newton,Indiana,773
Newton,Mississippi,1639
Newton,Missouri,3394
Newton,Texas,807
Nez Perce,Idaho,2671
Niagara,New York,15165
Nicholas,Kentucky,469
Nicholas,West Virginia,1667
Nicollet,Minnesota,2658
Niobrara,Wyoming,125
Noble,Indiana,3372
Noble,Ohio,612
Noble,Oklahoma,664
Nobles,Minnesota,1486
Nodaway,Missouri,2827
Nolan,Texas,1122
Norfolk,Massachusetts,42020
Norfolk (city),Virginia,18487
Norman,Minnesota,437
Northampton,North Carolina,1412
Northampton,Pennsylvania,23183
Northampton,Virginia,663
Northumberland,Pennsylvania,5628
Northumberland,Virginia,561
Norton,Kansas,333
Norton (city),Virginia,422
Nottoway,Virginia,983
Nowata,Oklahoma,727
Noxubee,Mississippi,872
Nuckolls,Nebraska,231
Nueces,Texas,24859
Nye,Nevada,2674
O'Brien,Iowa,984
Oakland,Michigan,80516
Obion,Tennessee,1954
Ocean,New Jersey,34737
Oceana,Michigan,1971
Ochiltree,Texas,743
Oconee,Georgia,2430
Oconee,South Carolina,4791
Oconto,Wisconsin,2270
Ogemaw,Michigan,1487
Ogle,Illinois,3846
Oglethorpe,Georgia,581
Ohio,Indiana,331
Ohio,Kentucky,1458
Ohio,West Virginia,3545
Okaloosa,Florida,12196
Okanogan,Washington,2720
Okeechobee,Florida,3062
Okfuskee,Oklahoma,831
Oklahoma,Oklahoma,47250
Okmulgee,Oklahoma,2817
Oktibbeha,Mississippi,5075
Oldham,Kentucky,3746
Oldham,Texas,281
Oliver,North Dakota,57
Olmsted,Minnesota,8554
Oneida,Idaho,311
Oneida,New York,17321
Oneida,Wisconsin,2148
Onondaga,New York,36677
Onslow,North Carolina,14104
Ontario,New York,7734
Ontonagon,Michigan,318
Orange,California,228120
Orange,Florida,90609
Orange,Indiana,1372
Orange,New York,29541
Orange,North Carolina,12248
Orange,Texas,6280
Orange,Vermont,1930
Orange,Virginia,2628
Orangeburg,South Carolina,7660
Oregon,Missouri,755
Orleans,Louisiana,24075
Orleans,New York,3158
Orleans,Vermont,1686
Osage,Kansas,1137
Osage,Missouri,1011
Osage,Oklahoma,3393
Osborne,Kansas,253
Osceola,Florida,20739
Osceola,Iowa,417
Osceola,Michigan,1949
Oscoda,Michigan,467
Oswego,New York,10805
Otero,Colorado,1478
Otero,New Mexico,3538
Otoe,Nebraska,960
Otsego,Michigan,1744
Otsego,New York,5944
Ottawa,Kansas,402
Ottawa,Michigan,24162
Ottawa,Ohio,2698
Ottawa,Oklahoma,2755
Otter Tail,Minnesota,3287
Ouachita,Arkansas,1821
Ouachita,Louisiana,12036
Ouray,Colorado,200
Outagamie,Wisconsin,14139
Overton,Tennessee,1174
Owen,Indiana,1368
Owen,Kentucky,507
Owsley,Kentucky,346
Owyhee,Idaho,787
Oxford,Maine,3994
Ozark,Missouri,564
Ozaukee,Wisconsin,6252
Pacific,Washington,1152
Page,Iowa,1104
Page,Virginia,1440
Palm Beach,Florida,77829
Palo Alto,Iowa,688
Palo Pinto,Texas,1963
Pamlico,North Carolina,570
Panola,Mississippi,2986
Panola,Texas,1640
Park,Colorado,799
Park,Montana,787
Park,Wyoming,1943
Parke,Indiana,1081
Parker,Texas,7744
Parmer,Texas,850
Pasco,Florida,25337
Pasquotank,North Carolina,3211
Passaic,New Jersey,38452
Patrick,Virginia,987
Paulding,Georgia,7706
Paulding,Ohio,1254
Pawnee,Kansas,526
Pawnee,Nebraska,171
Pawnee,Oklahoma,1173
Payette,Idaho,1698
Payne,Oklahoma,7728
Peach,Georgia,3715
Pearl River,Mississippi,4228
Pecos,Texas,1032
Pembina,North Dakota,437
Pemiscot,Missouri,1395
Pend Oreille,Washington,735
Pender,North Carolina,3308
Pendleton,Kentucky,1046
Pendleton,West Virginia,432
Pennington,Minnesota,951
Pennington,South Dakota,6714
Penobscot,Maine,12053
Peoria,Illinois,13248
Pepin,Wisconsin,494
Perkins,Nebraska,163
Perkins,South Dakota,181
Perquimans,North Carolina,790
Perry,Alabama,984
Perry,Arkansas,764
Perry,Illinois,1397
Perry,Indiana,1117
Perry,Kentucky,2090
Perry,Mississippi,1045
Perry,Missouri,1245
Perry,Ohio,2941
Perry,Pennsylvania,3404
Perry,Tennessee,504
Pershing,Nevada,294
Person,North Carolina,2527
Petersburg (city),Virginia,5700
Petroleum,Montana,32
Pettis,Missouri,2927
Phelps,Missouri,4068
Phelps,Nebraska,555
Philadelphia,Pennsylvania,117132
Phillips,Arkansas,1848
Phillips,Colorado,308
Phillips,Kansas,353
Phillips,Montana,333
Piatt,Illinois,1070
Pickaway,Ohio,3895
Pickens,Alabama,1430
Pickens,Georgia,1685
Pickens,South Carolina,12399
Pickett,Tennessee,176
Pierce,Georgia,1355
Pierce,Nebraska,460
Pierce,North Dakota,248
Pierce,Washington,52435
Pierce,Wisconsin,4223
Pike,Alabama,3429
Pike,Arkansas,734
Pike,Georgia,1386
Pike,Illinois,1075
Pike,Indiana,796
Pike,Kentucky,4112
Pike,Mississippi,3254
Pike,Missouri,1201
Pike,Ohio,1856
Pike,Pennsylvania,3792
Pima,Arizona,68862
Pinal,Arizona,14201
Pine,Minnesota,1873
Pinellas,Florida,50416
Pipestone,Minnesota,695
Piscataquis,Maine,1046
Pitkin,Colorado,625
Pitt,North Carolina,15649
Pittsburg,Oklahoma,2714
Pittsylvania,Virginia,2573
Piute,Utah,103
Placer,California,24613
Plaquemines,Louisiana,1668
Platte,Missouri,5882
Platte,Nebraska,2333
Platte,Wyoming,539
Pleasants,West Virginia,457
Plumas,California,1232
Plymouth,Iowa,1671
Plymouth,Massachusetts,34357
Pocahontas,Iowa,397
Pocahontas,West Virginia,426
Poinsett,Arkansas,1760
Pointe Coupee,Louisiana,1422
Polk,Arkansas,1358
Polk,Florida,40294
Polk,Georgia,3099
Polk,Iowa,26828
Polk,Minnesota,2352
Polk,Missouri,2785
Polk,Nebraska,292
Polk,North Carolina,1176
Polk,Oregon,5951
Polk,Tennessee,1088
Polk,Texas,2734
Polk,Wisconsin,2980
Pondera,Montana,422
Pontotoc,Mississippi,1881
Pontotoc,Oklahoma,2872
Pope,Arkansas,5543
Pope,Illinois,338
Pope,Minnesota,611
Poquoson (city),Virginia,1009
Portage,Ohio,13927
Portage,Wisconsin,5074
Porter,Indiana,11401
Portsmouth (city),Virginia,6244
Posey,Indiana,1643
Pottawatomie,Kansas,1443
Pottawatomie,Oklahoma,5266
Pottawattamie,Iowa,6753
Potter,Pennsylvania,1191
Potter,South Dakota,137
Potter,Texas,8546
Powder River,Montana,84
Powell,Kentucky,849
Powell,Montana,462
Power,Idaho,579
Poweshiek,Iowa,1605
Powhatan,Virginia,2099
Prairie,Arkansas,519
Prairie,Montana,49
Pratt,Kansas,688
Preble,Ohio,2729
Prentiss,Mississippi,1675
Presidio,Texas,647
Presque Isle,Michigan,758
Preston,West Virginia,1884
Price,Wisconsin,806
Prince Edward,Virginia,3008
Prince George,Virginia,1561
Prince George's,Maryland,67048
Prince William,Virginia,21195
Providence,Rhode Island,48856
Prowers,Colorado,978
Pueblo,Colorado,11593
Pulaski,Arkansas,25880
Pulaski,Georgia,808
Pulaski,Illinois,455
Pulaski,Indiana,968
Pulaski,Kentucky,4025
Pulaski,Missouri,6490
Pulaski,Virginia,1791
Pushmataha,Oklahoma,765
Putnam,Florida,4794
Putnam,Georgia,1113
Putnam,Illinois,373
Putnam,Indiana,3106
Putnam,Missouri,290
Putnam,New York,6967
Putnam,Ohio,2666
Putnam,Tennessee,6707
Putnam,West Virginia,3104
Quay,New Mexico,585
Queen Anne's,Maryland,2851
Queens,New York,139893
Quitman,Mississippi,549
Rabun,Georgia,1077
Racine,Wisconsin,14016
Radford (city),Virginia,2956
Rains,Texas,881
Raleigh,West Virginia,4131
Ralls,Missouri,430
Ramsey,Minnesota,36090
Ramsey,North Dakota,848
Randall,Texas,8719
Randolph,Alabama,1696
Randolph,Arkansas,1140
Randolph,Georgia,95
Randolph,Illinois,2128
Randolph,Indiana,1888
Randolph,Missouri,1786
Randolph,North Carolina,8204
Randolph,West Virginia,1860
Rankin,Mississippi,8303
Ransom,North Dakota,331
Rapides,Louisiana,9575
Rappahannock,Virginia,702
Ravalli,Montana,2594
Rawlins,Kansas,135
Ray,Missouri,1417
Reagan,Texas,254
Real,Texas,247
Red Lake,Minnesota,266
Red River,Louisiana,616
Red River,Texas,831
Red Willow,Nebraska,807
Redwood,Minnesota,1035
Reeves,Texas,925
Refugio,Texas,545
Reno,Kansas,4401
Rensselaer,New York,12301
Renville,Minnesota,1040
Renville,North Dakota,155
Republic,Kansas,254
Reynolds,Missouri,448
Rhea,Tennessee,2375
Rice,Kansas,835
Rice,Minnesota,6013
Rich,Utah,147
Richardson,Nebraska,557
Richland,Illinois,1066
Richland,Louisiana,1479
Richland,Montana,716
Richland,North Dakota,1403
Richland,Ohio,8566
Richland,South Carolina,32445
Richland,Wisconsin,1060
Richmond,Georgia,19151
Richmond,New York,32929
Richmond,North Carolina,3387
Richmond,Virginia,499
Richmond (city),Virginia,16655
Riley,Kansas,7001
Ringgold,Iowa,270
Rio Arriba,New Mexico,3178
Rio Blanco,Colorado,471
Rio Grande,Colorado,773
Ripley,Indiana,2513
Ripley,Missouri,964
Ritchie,West Virginia,707
Riverside,California,187318
Roane,Tennessee,2860
Roane,West Virginia,804
Roanoke,Virginia,4203
Roanoke (city),Virginia,5958
Roberts,South Dakota,768
Roberts,Texas,42
Robertson,Kentucky,165
Robertson,Tennessee,4636
Robertson,Texas,1177
Robeson,North Carolina,11860
Rock,Minnesota,598
Rock,Nebraska,46
Rock,Wisconsin,11487
Rock Island,Illinois,9815
Rockbridge,Virginia,648
Rockcastle,Kentucky,1017
Rockdale,Georgia,6797
Rockingham,New Hampshire,19808
Rockingham,North Carolina,5962
Rockingham,Virginia,6360
Rockland,New York,23478
Rockwall,Texas,5790
Roger Mills,Oklahoma,217
Rogers,Oklahoma,5501
Rolette,North Dakota,1258
Rooks,Kansas,336
Roosevelt,Montana,968
Roosevelt,New Mexico,1901
Roscommon,Michigan,1451
Roseau,Minnesota,1153
Rosebud,Montana,807
Ross,Ohio,4989
Routt,Colorado,1369
Rowan,Kentucky,2471
Rowan,North Carolina,8497
Runnels,Texas,763
Rush,Indiana,1231
Rush,Kansas,192
Rusk,Texas,2969
Rusk,Wisconsin,1009
Russell,Alabama,5260
Russell,Kansas,412
Russell,Kentucky,1089
Russell,Virginia,1770
Rutherford,North Carolina,4229
Rutherford,Tennessee,20293
Rutland,Vermont,4327
Sabine,Louisiana,1565
Sabine,Texas,792
Sac,Iowa,578
Sacramento,California,105610
Sagadahoc,Maine,2048
Saginaw,Michigan,15287
Saguache,Colorado,442
Salem,New Jersey,4436
Salem (city),Virginia,2892
Saline,Arkansas,3068
Saline,Illinois,1861
Saline,Kansas,3906
Saline,Missouri,1908
Saline,Nebraska,1364
Salt Lake,Utah,72652
Saluda,South Carolina,1154
Sampson,North Carolina,3682
San Augustine,Texas,499
San Benito,California,4444
San Bernardino,California,177227
San Diego,California,223733
San Francisco,California,34549
San Jacinto,Texas,1195
San Joaquin,California,58282
San Juan,Colorado,17
San Juan,New Mexico,9920
San Juan,Utah,1321
San Juan,Washington,746
San Luis Obispo,California,21700
San Mateo,California,42315
San Miguel,Colorado,278
San Miguel,New Mexico,2439
San Patricio,Texas,5464
San Saba,Texas,383
Sanborn,South Dakota,160
Sanders,Montana,735
Sandoval,New Mexico,9473
Sandusky,Ohio,3639
Sangamon,Illinois,13069
Sanilac,Michigan,3029
Sanpete,Utah,3608
Santa Barbara,California,38016
Santa Clara,California,113772
Santa Cruz,Arizona,4353
Santa Cruz,California,22664
Santa Fe,New Mexico,8227
Santa Rosa,Florida,10620
Sarasota,Florida,18070
Saratoga,New York,14000
Sargent,North Dakota,285
Sarpy,Nebraska,10905
Sauk,Wisconsin,3857
Saunders,Nebraska,1422
Sawyer,Wisconsin,1002
Schenectady,New York,12173
Schleicher,Texas,239
Schley,Georgia,398
Schoharie,New York,2646
Schoolcraft,Michigan,538
Schuyler,Illinois,435
Schuyler,Missouri,281
Schuyler,New York,1082
Schuylkill,Pennsylvania,8711
Scioto,Ohio,5708
Scotland,Missouri,328
Scotland,North Carolina,2632
Scott,Arkansas,930
Scott,Illinois,319
Scott,Indiana,1827
Scott,Iowa,11067
Scott,Kansas,293
Scott,Kentucky,3468
Scott,Minnesota,7973
Scott,Mississippi,2220
Scott,Missouri,2938
Scott,Tennessee,1467
Scott,Virginia,1306
Scotts Bluff,Nebraska,2619
Screven,Georgia,1265
Scurry,Texas,1231
Searcy,Arkansas,500
Sebastian,Arkansas,8599
Sedgwick,Colorado,132
Sedgwick,Kansas,34780
Seminole,Florida,28375
Seminole,Oklahoma,1772
Seneca,New York,2200
Seneca,Ohio,4785
Sequatchie,Tennessee,769
Sequoyah,Oklahoma,3112
Sevier,Arkansas,1332
Sevier,Tennessee,5929
Sevier,Utah,1622
Seward,Kansas,1975
Seward,Nebraska,1532
Shackelford,Texas,236
Shannon,Missouri,504
Shannon,South Dakota,1522
Sharkey,Mississippi,392
Sharp,Arkansas,1246
Shasta,California,12952
Shawano,Wisconsin,2423
Shawnee,Kansas,11734
Sheboygan,Wisconsin,7636
Shelby,Alabama,12227
Shelby,Illinois,1472
Shelby,Indiana,2892
Shelby,Iowa,682
Shelby,Kentucky,2586
Shelby,Missouri,461
Shelby,Ohio,3404
Shelby,Tennessee,72409
Shelby,Texas,1886
Shenandoah,Virginia,2698
Sherburne,Minnesota,6094
Sheridan,Kansas,104
Sheridan,Montana,187
Sheridan,Nebraska,313
Sheridan,North Dakota,56
Sheridan,Wyoming,1900
Sherman,Kansas,385
Sherman,Nebraska,171
Sherman,Oregon,93
Sherman,Texas,196
Shiawassee,Michigan,5589
Shoshone,Idaho,805
Sibley,Minnesota,851
Sierra,California,153
Sierra,New Mexico,541
Silver Bow,Montana,2432
Simpson,Kentucky,1053
Simpson,Mississippi,2191
Sioux,Iowa,3008
Sioux,Nebraska,27
Sioux,North Dakota,412
Siskiyou,California,2835
Skagit,Washington,8098
Skamania,Washington,506
Slope,North Dakota,16
Smith,Kansas,222
Smith,Mississippi,953
Smith,Tennessee,1188
Smith,Texas,16231
Smyth,Virginia,2092
Snohomish,Washington,47556
Snyder,Pennsylvania,3312
Socorro,New Mexico,1444
Solano,California,30386
Somerset,Maine,3321
Somerset,Maryland,2489
Somerset,New Jersey,19141
Somerset,Pennsylvania,4585
Somervell,Texas,675
Sonoma,California,33309
Southampton,Virginia,846
Spalding,Georgia,4280
Spartanburg,South Carolina,20633
Spencer,Indiana,1529
Spencer,Kentucky,1150
Spink,South Dakota,512
Spokane,Washington,35578
Spotsylvania,Virginia,7911
St. Bernard,Louisiana,2555
St. Charles,Louisiana,3900
St. Charles,Missouri,22270
St. Clair,Alabama,4974
St. Clair,Illinois,19364
St. Clair,Michigan,11891
St. Clair,Missouri,507
St. Croix,Wisconsin,4964
St. Francis,Arkansas,1923
St. Francois,Missouri,4359
St. Helena,Louisiana,472
St. James,Louisiana,1764
St. John the Baptist,Louisiana,3622
St. Johns,Florida,12578
St. Joseph,Indiana,21697
St. Joseph,Michigan,4381
St. Landry,Louisiana,6480
St. Lawrence,New York,9904
St. Louis,Minnesota,14636
St. Louis,Missouri,72658
St. Louis (city),Missouri,21985
St. Lucie,Florida,17560
St. Martin,Louisiana,3478
St. Mary,Louisiana,4067
St. Mary's,Maryland,8214
St. Tammany,Louisiana,15928
Stafford,Kansas,260
Stafford,Virginia,10729
Stanislaus,California,43057
Stanley,South Dakota,197
Stanly,North Carolina,4311
Stanton,Kansas,171
Stanton,Nebraska,204
Stark,Illinois,675
Stark,North Dakota,1728
Stark,Ohio,26397
Starke,Indiana,1592
Starr,Texas,5714
Staunton (city),Virginia,2286
Ste. Genevieve,Missouri,1127
Stearns,Minnesota,13836
Steele,Minnesota,2514
Steele,North Dakota,106
Stephens,Georgia,2120
Stephens,Oklahoma,4539
Stephens,Texas,625
Stephenson,Illinois,3348
Sterling,Texas,69
Steuben,Indiana,2800
Steuben,New York,6841
Stevens,Kansas,447
Stevens,Minnesota,987
Stevens,Washington,2605
Stewart,Georgia,377
Stewart,Tennessee,990
Stillwater,Montana,619
Stoddard,Missouri,2086
Stokes,North Carolina,3074
Stone,Arkansas,619
Stone,Mississippi,1887
Stone,Missouri,1659
Stonewall,Texas,81
Storey,Nevada,49
Story,Iowa,9746
Strafford,New Hampshire,10390
Stutsman,North Dakota,1380
Sublette,Wyoming,583
Suffolk,Massachusetts,55429
Suffolk,New York,106347
Suffolk (city),Virginia,5907
Sullivan,Indiana,1490
Sullivan,Missouri,456
Sullivan,New Hampshire,2522
Sullivan,New York,5472
Sullivan,Pennsylvania,331
Sullivan,Tennessee,9913
Sully,South Dakota,75
Summers,West Virginia,665
Summit,Colorado,1205
Summit,Ohio,39677
Summit,Utah,2612
Sumner,Kansas,2116
Sumner,Tennessee,10057
Sumter,Alabama,1288
Sumter,Florida,2600
Sumter,Georgia,2867
Sumter,South Carolina,8073
Sunflower,Mississippi,2190
Surry,North Carolina,5276
Surry,Virginia,468
Susquehanna,Pennsylvania,2792
Sussex,Delaware,11844
Sussex,New Jersey,11110
Sussex,Virginia,815
Sutter,California,7321
Sutton,Texas,326
Suwannee,Florida,2667
Swain,North Carolina,1226
Sweet Grass,Montana,228
Sweetwater,Wyoming,2933
Swift,Minnesota,686
Swisher,Texas,542
Switzerland,Indiana,632
Talbot,Georgia,514
Talbot,Maryland,2121
Taliaferro,Georgia,112
Talladega,Alabama,5457
Tallahatchie,Mississippi,992
Tallapoosa,Alabama,2410
Tama,Iowa,1304
Taney,Missouri,3512
Tangipahoa,Louisiana,10625
Taos,New Mexico,1929
Tarrant,Texas,126940
Tate,Mississippi,2407
Tattnall,Georgia,1662
Taylor,Florida,1231
Taylor,Georgia,816
Taylor,Iowa,405
Taylor,Kentucky,1930
Taylor,Texas,10561
Taylor,West Virginia,827
Taylor,Wisconsin,1193
Tazewell,Illinois,8757
Tazewell,Virginia,2737
Tehama,California,4094
Telfair,Georgia,1039
Teller,Colorado,1474
Tensas,Louisiana,326
Terrebonne,Louisiana,8618
Terrell,Texas,60
Terry,Texas,838
Teton,Idaho,596
Teton,Montana,413
Teton,Wyoming,918
Texas,Missouri,1632
Texas,Oklahoma,1654
Thayer,Nebraska,322
Thomas,Georgia,3351
Thomas,Kansas,734
Thomas,Nebraska,47
Throckmorton,Texas,107
Thurston,Nebraska,598
Thurston,Washington,16886
Tift,Georgia,3585
Tillamook,Oregon,1479
Tillman,Oklahoma,546
Tioga,New York,3413
Tioga,Pennsylvania,3389
Tippah,Mississippi,1735
Tippecanoe,Indiana,16867
Tipton,Indiana,1040
Tipton,Tennessee,4659
Tishomingo,Mississippi,1261
Titus,Texas,2452
Todd,Kentucky,765
Todd,Minnesota,1689
Todd,South Dakota,834
Tolland,Connecticut,13849
Tom Green,Texas,8675
Tompkins,New York,12674
Tooele,Utah,4570
Toole,Montana,339
Toombs,Georgia,2004
Torrance,New Mexico,1011
Towner,North Dakota,111
Towns,Georgia,851
Traill,North Dakota,603
Transylvania,North Carolina,2012
Traverse,Minnesota,224
Travis,Texas,67887
Treasure,Montana,47
Trego,Kansas,187
Trempealeau,Wisconsin,2131
Treutlen,Georgia,416
Trigg,Kentucky,946
Trimble,Kentucky,573
Trinity,California,788
Trinity,Texas,852
Tripp,South Dakota,388
Troup,Georgia,5299
Trousdale,Tennessee,532
Trumbull,Ohio,13290
Tucker,West Virginia,438
Tulare,California,38741
Tulsa,Oklahoma,42703
Tunica,Mississippi,840
Tuolumne,California,3152
Turner,Georgia,710
Turner,South Dakota,510
Tuscaloosa,Alabama,17592
Tuscarawas,Ohio,7026
Tuscola,Michigan,4287
Twiggs,Georgia,511
Twin Falls,Idaho,5622
Tyler,Texas,1279
Tyler,West Virginia,477
Tyrrell,North Carolina,241
Uinta,Wyoming,1566
Uintah,Utah,2332
Ulster,New York,12978
Umatilla,Oregon,5611
Unicoi,Tennessee,992
Union,Arkansas,2819
Union,Florida,935
Union,Georgia,1076
Union,Illinois,1128
Union,Indiana,506
Union,Iowa,881
Union,Kentucky,1464
Union,Louisiana,1499
Union,Mississippi,1720
Union,New Jersey,37634
Union,New Mexico,274
Union,North Carolina,13068
Union,Ohio,2918
Union,Oregon,1934
Union,Pennsylvania,3741
Union,South Carolina,1931
Union,South Dakota,985
Union,Tennessee,1012
Upshur,Texas,2523
Upshur,West Virginia,1905
Upson,Georgia,1887
Upton,Texas,241
Utah,Utah,45959
Uvalde,Texas,2233
Val Verde,Texas,3804
Valencia,New Mexico,5999
Valley,Idaho,493
Valley,Montana,478
Valley,Nebraska,239
Van Buren,Arkansas,951
Van Buren,Iowa,551
Van Buren,Michigan,5961
Van Buren,Tennessee,229
Van Wert,Ohio,1734
Van Zandt,Texas,3480
Vance,North Carolina,3690
Vanderburgh,Indiana,12899
Venango,Pennsylvania,3543
Ventura,California,64703
Vermilion,Illinois,5730
Vermilion,Louisiana,3925
Vermillion,Indiana,1032
Vernon,Louisiana,3514
Vernon,Missouri,1556
Vernon,Wisconsin,2086
Victoria,Texas,6163
Vigo,Indiana,8463
Vilas,Wisconsin,1036
Vinton,Ohio,900
Virginia Beach (city),Virginia,27459
Virginia Beach City,Virginia,2921
Volusia,Florida,31274
Wabash,Illinois,811
Wabash,Indiana,2585
Wabasha,Minnesota,1541
Wabaunsee,Kansas,399
Wadena,Minnesota,1133
Wagoner,Oklahoma,4632
Wahkiakum,Washington,198
Wake,North Carolina,64887
Wakulla,Florida,1910
Waldo,Maine,2498
Walker,Alabama,5002
Walker,Georgia,5462
Walker,Texas,5592
Walla Walla,Washington,4893
Wallace,Kansas,126
Waller,Texas,4474
Wallowa,Oregon,323
Walsh,North Dakota,691
Walthall,Mississippi,937
Walton,Florida,2647
Walton,Georgia,3345
Walworth,South Dakota,344
Walworth,Wisconsin,8669
Wapello,Iowa,2490
Ward,North Dakota,4229
Ward,Texas,758
Ware,Georgia,2557
Warren,Georgia,369
Warren,Illinois,1386
Warren,Indiana,401
Warren,Iowa,3490
Warren,Kentucky,10313
Warren,Mississippi,3502
Warren,Missouri,2071
Warren,New Jersey,8248
Warren,New York,4284
Warren,North Carolina,1070
Warren,Ohio,13124
Warren,Pennsylvania,2534
Warren,Tennessee,2701
Warren,Virginia,2580
Warrick,Indiana,4066
Wasatch,Utah,1655
Wasco,Oregon,1573
Waseca,Minnesota,1109
Washakie,Wyoming,556
Washburn,Wisconsin,996
Washington,Alabama,1369
Washington,Arkansas,17060
Washington,Colorado,303
Washington,Florida,1482
Washington,Georgia,1532
Washington,Idaho,726
Washington,Illinois,950
Washington,Indiana,1868
Washington,Iowa,1648
Washington,Kansas,378
Washington,Kentucky,794
Washington,Louisiana,3250
Washington,Maine,2100
Washington,Maryland,9308
Washington,Minnesota,17445
Washington,Mississippi,4258
Washington,Missouri,1479
Washington,Nebraska,1487
Washington,New York,4356
Washington,North Carolina,869
Washington,Ohio,4327
Washington,Oklahoma,3391
Washington,Oregon,35002
Washington,Pennsylvania,13917
Washington,Rhode Island,11298
Washington,Tennessee,8962
Washington,Texas,2855
Washington,Utah,10667
Washington,Vermont,4181
Washington,Virginia,2499
Washington,Wisconsin,8479
Washita,Oklahoma,707
Washoe,Nevada,27722
Washtenaw,Michigan,29582
Watauga,North Carolina,5869
Watonwan,Minnesota,781
Waukesha,Wisconsin,26779
Waupaca,Wisconsin,3984
Waushara,Wisconsin,1233
Wayne,Georgia,1973
Wayne,Illinois,976
Wayne,Indiana,4854
Wayne,Iowa,437
Wayne,Kentucky,1312
Wayne,Michigan,143544
Wayne,Mississippi,1299
Wayne,Missouri,917
Wayne,Nebraska,1145
Wayne,New York,6864
Wayne,North Carolina,8622
Wayne,Ohio,9296
Wayne,Pennsylvania,3956
Wayne,Tennessee,881
Wayne,Utah,198
Wayne,West Virginia,1878
Waynesboro (city),Virginia,1869
Weakley,Tennessee,3056
Webb,Texas,23379
Weber,Utah,17988
Webster,Georgia,136
Webster,Iowa,2967
Webster,Kentucky,948
Webster,Louisiana,2795
Webster,Mississippi,802
Webster,Missouri,3067
Webster,Nebraska,260
Webster,West Virginia,583
Weld,Colorado,21953
Wells,Indiana,1794
Wells,North Dakota,217
West Baton Rouge,Louisiana,1761
West Carroll,Louisiana,835
West Feliciana,Louisiana,824
Westchester,New York,65198
Westmoreland,Pennsylvania,23282
Westmoreland,Virginia,1031
Weston,Wyoming,415
Wetzel,West Virginia,1157
Wexford,Michigan,2271
Wharton,Texas,2997
Whatcom,Washington,15807
Wheatland,Montana,137
Wheeler,Georgia,360
Wheeler,Nebraska,35
Wheeler,Oregon,85
Wheeler,Texas,378
White,Arkansas,6397
White,Georgia,1840
White,Illinois,932
White,Indiana,1819
White,Tennessee,1747
White Pine,Nevada,590
Whiteside,Illinois,3996
Whitfield,Georgia,7949
Whitley,Indiana,2485
Whitley,Kentucky,3865
Whitman,Washington,6079
Wibaux,Montana,56
Wichita,Kansas,140
Wichita,Texas,10897
Wicomico,Maryland,8945
Wilbarger,Texas,1048
Wilcox,Alabama,1015
Wilcox,Georgia,546
Wilkes,Georgia,691
Wilkes,North Carolina,4003
Wilkin,Minnesota,456
Wilkinson,Georgia,718
Wilkinson,Mississippi,652
Will,Illinois,42558
Willacy,Texas,1885
Williams,North Dakota,1461
Williams,Ohio,2643
Williamsburg,South Carolina,2324
Williamsburg (city),Virginia,244
Williamson,Illinois,3888
Williamson,Tennessee,12460
Williamson,Texas,26003
Wilson,Kansas,572
Wilson,North Carolina,5625
Wilson,Tennessee,7075
Wilson,Texas,2854
Winchester (city),Virginia,2038
Windham,Connecticut,9257
Windham,Vermont,2823
Windsor,Vermont,3269
Winkler,Texas,549
Winn,Louisiana,882
Winnebago,Illinois,20602
Winnebago,Iowa,852
Winnebago,Wisconsin,12061
Winneshiek,Iowa,2023
Winona,Minnesota,5328
Winston,Alabama,1671
Winston,Mississippi,1194
Wirt,West Virginia,369
Wise,Texas,4041
Wise,Virginia,2999
Wolfe,Kentucky,552
Wood,Ohio,11332
Wood,Texas,2507
Wood,West Virginia,5446
Wood,Wisconsin,5528
Woodbury,Iowa,7948
Woodford,Illinois,2472
Woodford,Kentucky,1709
Woodruff,Arkansas,474
Woods,Oklahoma,697
Woodson,Kansas,146
Woodward,Oklahoma,1197
Worcester,Maryland,2911
Worcester,Massachusetts,59312
Worth,Georgia,1307
Worth,Iowa,529
Worth,Missouri,140
Wright,Iowa,851
Wright,Minnesota,8294
Wright,Missouri,1518
Wyandot,Ohio,1604
Wyandotte,Kansas,11445
Wyoming,New York,2698
Wyoming,Pennsylvania,2294
Wyoming,West Virginia,1402
Wythe,Virginia,1898
Yadkin,North Carolina,2628
Yakima,Washington,20056
Yalobusha,Mississippi,1143
Yamhill,Oregon,7882
Yancey,North Carolina,1042
Yankton,South Dakota,1412
Yates,New York,2277
Yavapai,Arizona,11404
Yazoo,Mississippi,1907
Yell,Arkansas,1622
Yellow Medicine,Minnesota,726
Yellowstone,Montana,9441
Yoakum,Texas,653
Yolo,California,19445
York,Maine,12882
York,Nebraska,962
York,Pennsylvania,28094
York,South Carolina,16124
York,Virginia,4041
Young,Texas,1175
Yuba,California,5520
Yuma,Arizona,16306
Yuma,Colorado,682
Zapata,Texas,1250
Zavala,Texas,1073
Ziebach,South Dakota,121
